inte,erro
10, 0.022550810499986324
20, 0.017662478991747693
30, 0.015410721533953044
40, 0.013994902403664314
50, 0.005891805088630012
